Workbook
Name Attritionrate: 'Pivot Tables'!$C$2
Name HighAttritionAge: 'Pivot Tables'!$E$2
Name Slicer_Age_Group: #N/A
Name Slicer_Education: #N/A
Name Slicer_MaritalStatus: #N/A
Name Slicer_StockOption: #N/A
Name TotalEmployees: 'Pivot Tables'!$B$2
Name TotalExits: 'Pivot Tables'!$D$2

Sheet Raw Data
A1: ID_employe | B1: Age | C1: Attrition | D1: BusinessTravel | E1: Department | F1: Education | G1: EnvironmentSatisfaction | H1: Gender | I1: JobInvolvement | J1: Job Role | K1: JobSatisfaction | L1: PerformanceRating | M1: WorkLifeBalance | N1: MaritalStatus | O1: StockOption | P1: OverTime | Q1: PercentSalaryHike | R1: NumCompaniesWorked | S1: TotalWorkingYears | T1: YearsSinceLastPromotion | U1: YearsWithCurrManager | V1: DistanceFromHome | W1: HourlyRate | X1: DailyRate | Y1: MonthlyRate | Z1: Salary | AA1: TrainingTimesLastYear | AB1: DateBirth | AC1: DateStart | AD1: DateDeparture | AE1: TerminationType | AF1: EmploymentType
A2: 1522 | B2: 37 | C2: Yes | D2: Travel_Rarely | E2: R&D | F2: Master | G2: Low | H2: M | I2: Medium | J2: Research Scientist | K2: 1 | L2: 3 | M2: Bad | N2: Single | O2: None | P2: No | Q2: 13 | R2: 6 | S2: 11 | T2: 0 | U2: 7 | V2: 1 | W2: 100 | X2: 224 | Y2: 7568 | Z2: 2362 | AA2: 2 | AB2: 30826 | AC2: 37136 | AD2: 40205 | AE2: 1 | AF2: Full-time
A3: 1101 | B3: 42 | C3: Yes | D3: Travel_Frequently | E3: R&D | F3: Master | G3: Low | H3: F | I3: Medium | J3: Research Scientist | K3: 3 | L3: 4 | M3: Better | N3: Single | O3: None | P3: No | Q3: 22 | R3: 1 | S3: 14 | T3: 3 | U3: 8 | V3: 29 | W3: 54 | X3: 827 | Y3: 3129 | Z3: 4508 | AA3: 4 | AB3: 29226 | AC3: 35808 | AD3: 40294 | AE3: 1 | AF3: Full-time
A4: 1299 | B4: 29 | C4: Yes | D4: Travel_Rarely | E4: R&D | F4: Bachelor | G4: Medium | H4: F | I4: High | J4: Laboratory Technician | K4: 3 | L4: 3 | M4: Better | N4: Divorced | O4: Mid | P4: Yes | Q4: 13 | R4: 3 | S4: 10 | T4: 7 | U4: 7 | V4: 7 | W4: 39 | X4: 806 | Y4: 17285 | Z4: 3339 | AA4: 2 | AB4: 34281 | AC4: 39917 | AD4: 42304 | AE4: 2 | AF4: Contractor
A5: 1457 | B5: 46 | C5: Yes | D5: Travel_Rarely | E5: Sales | F5: Bachelor | G5: Low | H5: M | I5: High | J5: Sales Executive | K5: 4 | L5: 2 | M5: Best | N5: Divorced | O5: Low | P5: No | Q5: 11 | R5: 4 | S5: 28 | T5: 4 | U5: 3 | V5: 9 | W5: 52 | X5: 377 | Y5: 15986 | Z5: 10096 | AA5: 1 | AB5: 28009 | AC5: 40018 | AD5: 42487 | AE5: 1 | AF5: Full-time
A6: 1807 | B6: 34 | C6: Yes | D6: Travel_Frequently | E6: R&D | F6: Master | G6: Very High | H6: M | I6: High | J6: Laboratory Technician | K6: 1 | L6: 1 | M6: Good | N6: Married | O6: Low | P6: No | Q6: 17 | R6: 4 | S6: 11 | T6: 0 | U6: 6 | V6: 9 | W6: 93 | X6: 234 | Y6: 6208 | Z6: 5346 | AA6: 3 | AB6: 32374 | AC6: 40283 | AD6: 42505 | AE6: 2 | AF6: Full-time
A7: 299 | B7: 30 | C7: Yes | D7: Travel_Frequently | E7: Sales | F7: Master | G7: High | H7: F | I7: Medium | J7: Sales Executive | K7: 1 | L7: 3 | M7: Good | N7: Single | O7: None | P7: No | Q7: 15 | R7: 5 | S7: 9 | T7: 0 | U7: 1 | V7: 26 | W7: 52 | X7: 334 | Y7: 22967 | Z7: 6696 | AA7: 5 | AB7: 33857 | AC7: 40598 | AD7: 42698 | AE7: 2 | AF7: Full-time
A8: 300 | B8: 29 | C8: Yes | D8: Travel_Rarely | E8: R&D | F8: Bachelor | G8: High | H8: M | I8: High | J8: Research Scientist | K8: 3 | L8: 3 | M8: Good | N8: Single | O8: None | P8: No | Q8: 14 | R8: 0 | S8: 7 | T8: 1 | U8: 5 | V8: 1 | W8: 85 | X8: 992 | Y8: 19757 | Z8: 2058 | AA8: 1 | AB8: 34527 | AC8: 40588 | AD8: 42712 | AE8: 1 | AF8: Full-time
A9: 1200 | B9: 44 | C9: Yes | D9: Travel_Rarely | E9: R&D | F9: Master | G9: High | H9: M | I9: High | J9: Research Scientist | K9: 3 | L9: 1 | M9: Better | N9: Single | O9: None | P9: Yes | Q9: 11 | R9: 1 | S9: 6 | T9: 0 | U9: 2 | V9: 10 | W9: 96 | X9: 1097 | Y9: 10826 | Z9: 2936 | AA9: 4 | AB9: 28761 | AC9: 40710 | AD9: 42730 | AE9: 1 | AF9: Full-time
A10: 1295 | B10: 44 | C10: Yes | D10: Travel_Rarely | E10: R&D | F10: Bachelor | G10: Low | H10: F | I10: High | J10: Healthcare Representative | K10: 4 | L10: 2 | M10: Better | N10: Married | O10: Low | P10: No | Q10: 11 | R10: 1 | S10: 10 | T10: 0 | U10: 5 | V10: 15 | W10: 73 | X10: 621 | Y10: 14075 | Z10: 7978 | AA10: 2 | AB10: 28757 | AC10: 39422 | AD10: 42737 | AE10: 1 | AF10: Full-time
A11: 647 | B11: 33 | C11: Yes | D11: Travel_Frequently | E11: R&D | F11: Bachelor | G11: Low | H11: F | I11: High | J11: Laboratory Technician | K11: 3 | L11: 3 | M11: Better | N11: Married | O11: Low | P11: Yes | Q11: 16 | R11: 1 | S11: 6 | T11: 1 | U11: 2 | V11: 7 | W11: 55 | X11: 1287 | Y11: 14168 | Z11: 2886 | AA11: 4 | AB11: 32424 | AC11: 40872 | AD11: 42760 | AE11: 1 | AF11: Full-time
A12: 401 | B12: 35 | C12: Yes | D12: Travel_Rarely | E12: Sales | F12: Master | G12: Very High | H12: M | I12: Medium | J12: Sales Executive | K12: 4 | L12: 3 | M12: Better | N12: Single | O12: None | P12: Yes | Q12: 12 | R12: 1 | S12: 8 | T12: 7 | U12: 4 | V12: 4 | W12: 48 | X12: 950 | Y12: 8450 | Z12: 5828 | AA12: 0 | AB12: 31859 | AC12: 40219 | AD12: 42787 | AE12: 1 | AF12: Full-time
A13: 190 | B13: 32 | C13: Yes | D13: Travel_Rarely | E13: R&D | F13: Bachelor | G13: Low | H13: F | I13: High | J13: Laboratory Technician | K13: 1 | L13: 2 | M13: Best | N13: Single | O13: None | P13: No | Q13: 22 | R13: 7 | S13: 10 | T13: 0 | U13: 4 | V13: 9 | W13: 41 | X13: 1033 | Y13: 10224 | Z13: 4200 | AA13: 2 | AB13: 33133 | AC13: 41302 | AD13: 42944 | AE13: 2 | AF13: Full-time
... A238: 355 | B238: 31 | C238: Yes | D238: Travel_Frequently | E238: R&D | F238: College | G238: High | H238: M | I238: Medium | J238: Laboratory Technician | K238: 2 | L238: 3 | M238: Best | N238: Single | O238: None | P238: No | Q238: 11 | R238: 0 | S238: 6 | T238: 1 | U238: 4 | V238: 29 | W238: 71 | X238: 307 | Y238: 11652 | Z238: 3479 | AA238: 2 | AB238: 33473 | AC238: 43294 | AD238: 44756 | AE238: 1 | AF238: Full-time
A239: 2019 | B239: 52 | C239: No | D239: Non-Travel | E239: Sales | F239: Master | G239: Low | H239: M | I239: High | J239: Sales Representative | K239: 4 | L239: 3 | M239: Good | N239: Divorced | O239: Mid | P239: No | Q239: 15 | R239: 2 | S239: 16 | T239: 0 | U239: 0 | V239: 29 | W239: 40 | X239: 585 | Y239: 19788 | Z239: 3482 | AA239: 3 | AB239: 26111 | AC239: 41627 | AF239: Full-time
A240: 1374 | B240: 34 | C240: No | D240: Non-Travel | E240: R&D | F240: Below College | G240: Low | H240: F | I240: Medium | J240: Research Scientist | K240: 3 | L240: 4 | M240: Better | N240: Divorced | O240: High | P240: No | Q240: 20 | R240: 1 | S240: 5 | T240: 0 | U240: 0 | V240: 26 | W240: 92 | X240: 999 | Y240: 15891 | Z240: 2029 | AA240: 2 | AB240: 32592 | AC240: 43107 | AF240: Full-time
A241: 900 | B241: 37 | C241: No | D241: Travel_Frequently | E241: Sales | F241: College | G241: High | H241: F | I241: High | J241: Sales Representative | K241: 4 | L241: 1 | M241: Better | N241: Married | O241: Low | P241: No | Q241: 15 | R241: 5 | S241: 10 | T241: 0 | U241: 0 | V241: 21 | W241: 54 | X241: 1231 | Y241: 21222 | Z241: 2973 | AA241: 3 | AB241: 31559 | AC241: 43266 | AF241: Contractor
A242: 1340 | B242: 40 | C242: No | D242: Non-Travel | E242: R&D | F242: College | G242: High | H242: M | I242: High | J242: Research Scientist | K242: 3 | L242: 3 | M242: Better | N242: Divorced | O242: Low | P242: No | Q242: 16 | R242: 9 | S242: 6 | T242: 0 | U242: 0 | V242: 16 | W242: 74 | X242: 458 | Y242: 8532 | Z242: 3544 | AA242: 0 | AB242: 30382 | AC242: 43520 | AF242: Full-time
A243: 2060 | B243: 26 | C243: No | D243: Travel_Rarely | E243: Sales | F243: Bachelor | G243: Very High | H243: F | I243: Medium | J243: Sales Representative | K243: 3 | L243: 3 | M243: Better | N243: Single | O243: None | P243: No | Q243: 18 | R243: 0 | S243: 5 | T243: 0 | U243: 0 | V243: 5 | W243: 30 | X243: 1167 | Y243: 21378 | Z243: 2966 | AA243: 2 | AB243: 35344 | AC243: 43564 | AF243: Contractor
A244: 1839 | B244: 18 | C244: No | D244: Non-Travel | E244: R&D | F244: Bachelor | G244: Medium | H244: F | I244: High | J244: Research Scientist | K244: 3 | L244: 3 | M244: Bad | N244: Single | O244: None | P244: No | Q244: 16 | R244: 1 | S244: 1 | T244: 0 | U244: 0 | V244: 14 | W244: 33 | X244: 1431 | Y244: 8018 | Z244: 1514 | AA244: 4 | AB244: 38382 | AC244: 44199 | AF244: Full-time
A245: 113 | B245: 23 | C245: No | D245: Travel_Rarely | E245: Sales | F245: Below College | G245: High | H245: M | I245: High | J245: Sales Representative | K245: 1 | L245: 3 | M245: Better | N245: Divorced | O245: Low | P245: No | Q245: 13 | R245: 3 | S245: 3 | T245: 0 | U245: 0 | V245: 2 | W245: 62 | X245: 541 | Y245: 9518 | Z245: 2322 | AA245: 3 | AB245: 36645 | AC245: 44290 | AF245: Contractor
A246: 850 | B246: 27 | C246: No | D246: Non-Travel | E246: R&D | F246: Bachelor | G246: Very High | H246: M | I246: High | J246: Research Scientist | K246: 4 | L246: 2 | M246: Good | N246: Married | O246: High | P246: No | Q246: 11 | R246: 1 | S246: 1 | T246: 0 | U246: 0 | V246: 3 | W246: 50 | X246: 443 | Y246: 16571 | Z246: 1706 | AA246: 6 | AB246: 34993 | AC246: 44308 | AF246: Full-time
A247: 1860 | B247: 42 | C247: No | D247: Travel_Rarely | E247: R&D | F247: Bachelor | G247: Very High | H247: M | I247: High | J247: Laboratory Technician | K247: 3 | L247: 3 | M247: Better | N247: Single | O247: None | P247: No | Q247: 13 | R247: 4 | S247: 8 | T247: 0 | U247: 0 | V247: 8 | W247: 81 | X247: 1142 | Y247: 13624 | Z247: 3968 | AA247: 3 | AB247: 29771 | AC247: 44350 | AF247: Contractor
A248: 1012 | B248: 18 | C248: No | D248: Non-Travel | E248: R&D | F248: College | G248: Medium | H248: M | I248: High | J248: Research Scientist | K248: 4 | L248: 3 | M248: Better | N248: Single | O248: None | P248: No | Q248: 15 | R248: 1 | S248: 3 | T248: 0 | U248: 0 | V248: 5 | W248: 73 | X248: 287 | Y248: 13493 | Z248: 1051 | AA248: 2 | AB248: 38502 | AC248: 44392 | AF248: Full-time
A249: 834 | B249: 45 | C249: No | D249: Travel_Rarely | E249: R&D | F249: Bachelor | G249: Medium | H249: F | I249: Medium | J249: Research Scientist | K249: 3 | L249: 3 | M249: Better | N249: Single | O249: None | P249: No | Q249: 14 | R249: 1 | S249: 1 | T249: 0 | U249: 0 | V249: 2 | W249: 95 | X249: 252 | Y249: 6153 | Z249: 2274 | AA249: 3 | AB249: 28545 | AC249: 44432 | AF249: Full-time
A250: 1581 | B250: 26 | C250: No | D250: Travel_Rarely | E250: R&D | F250: Bachelor | G250: Low | H250: F | I250: High | J250: Research Scientist | K250: 4 | L250: 4 | M250: Better | N250: Married | O250: None | P250: No | Q250: 21 | R250: 1 | S250: 1 | T250: 0 | U250: 0 | V250: 3 | W250: 89 | X250: 474 | Y250: 11133 | Z250: 2061 | AA250: 5 | AB250: 35412 | AC250: 44440 | AF250: Full-time
... A1471: 1871 | B1471: 39 | C1471: No | D1471: Travel_Rarely | E1471: R&D | F1471: Master | G1471: Very High | H1471: M | I1471: High | J1471: Research Scientist | K1471: 4 | L1471: 3 | M1471: Better | N1471: Divorced | O1471: High | P1471: No | Q1471: 14 | R1471: 8 | S1471: 7 | T1471: 2 | U1471: 1 | V1471: 19 | W1471: 41 | X1471: 835 | Y1471: 5141 | Z1471: 3902 | AA1471: 2 | AB1471: 30768 | AC1471: 44385 | AF1471: Full-time

Sheet Data Cleaning
A1: Employee_ID | B1: Age | C1: Attrition | D1: Education | E1: MaritalStatus | F1: StockOption | G1: YearsSinceLastPromotion | I1: Age Group | J1: Grouped years since last promotion | K1: Attrition Flag
A2: 1522 | B2: 37 | C2: Yes | D2: Master | E2: Single | F2: None | G2: 0 | I2: =IF(B2<=24, "18-24", IF(B2<=34,"25-34", IF(B2<=44,"35-44", IF(B2<=54,"45-54", IF(B2<=60, "55-60"))))) -> 35-44 | J2: =IF(G2<=0,"Recently promoted",IF(G2<=3,"Promoted in 1-3 years","Long Promotion gap")) -> Recently promoted | K2: =IF(C2="Yes", 1, 0) -> 1
A3: 1101 | B3: 42 | C3: Yes | D3: Master | E3: Single | F3: None | G3: 3 | I3: =IF(B3<=24, "18-24", IF(B3<=34,"25-34", IF(B3<=44,"35-44", IF(B3<=54,"45-54", IF(B3<=60, "55-60"))))) -> 35-44 | J3: =IF(G3<=0,"Recently promoted",IF(G3<=3,"Promoted in 1-3 years","Long Promotion gap")) -> Promoted in 1-3 years | K3: =IF(C3="Yes", 1, 0) -> 1
A4: 1299 | B4: 29 | C4: Yes | D4: Bachelor | E4: Divorced | F4: Mid | G4: 7 | I4: =IF(B4<=24, "18-24", IF(B4<=34,"25-34", IF(B4<=44,"35-44", IF(B4<=54,"45-54", IF(B4<=60, "55-60"))))) -> 25-34 | J4: =IF(G4<=0,"Recently promoted",IF(G4<=3,"Promoted in 1-3 years","Long Promotion gap")) -> Long Promotion gap | K4: =IF(C4="Yes", 1, 0) -> 1
A5: 1457 | B5: 46 | C5: Yes | D5: Bachelor | E5: Divorced | F5: Low | G5: 4 | I5: =IF(B5<=24, "18-24", IF(B5<=34,"25-34", IF(B5<=44,"35-44", IF(B5<=54,"45-54", IF(B5<=60, "55-60"))))) -> 45-54 | J5: =IF(G5<=0,"Recently promoted",IF(G5<=3,"Promoted in 1-3 years","Long Promotion gap")) -> Long Promotion gap | K5: =IF(C5="Yes", 1, 0) -> 1
A6: 1807 | B6: 34 | C6: Yes | D6: Master | E6: Married | F6: Low | G6: 0 | I6: =IF(B6<=24, "18-24", IF(B6<=34,"25-34", IF(B6<=44,"35-44", IF(B6<=54,"45-54", IF(B6<=60, "55-60"))))) -> 25-34 | J6: =IF(G6<=0,"Recently promoted",IF(G6<=3,"Promoted in 1-3 years","Long Promotion gap")) -> Recently promoted | K6: =IF(C6="Yes", 1, 0) -> 1
A7: 299 | B7: 30 | C7: Yes | D7: Master | E7: Single | F7: None | G7: 0 | I7: =IF(B7<=24, "18-24", IF(B7<=34,"25-34", IF(B7<=44,"35-44", IF(B7<=54,"45-54", IF(B7<=60, "55-60"))))) -> 25-34 | J7: =IF(G7<=0,"Recently promoted",IF(G7<=3,"Promoted in 1-3 years","Long Promotion gap")) -> Recently promoted | K7: =IF(C7="Yes", 1, 0) -> 1
A8: 300 | B8: 29 | C8: Yes | D8: Bachelor | E8: Single | F8: None | G8: 1 | I8: =IF(B8<=24, "18-24", IF(B8<=34,"25-34", IF(B8<=44,"35-44", IF(B8<=54,"45-54", IF(B8<=60, "55-60"))))) -> 25-34 | J8: =IF(G8<=0,"Recently promoted",IF(G8<=3,"Promoted in 1-3 years","Long Promotion gap")) -> Promoted in 1-3 years | K8: =IF(C8="Yes", 1, 0) -> 1
A9: 1200 | B9: 44 | C9: Yes | D9: Master | E9: Single | F9: None | G9: 0 | I9: =IF(B9<=24, "18-24", IF(B9<=34,"25-34", IF(B9<=44,"35-44", IF(B9<=54,"45-54", IF(B9<=60, "55-60"))))) -> 35-44 | J9: =IF(G9<=0,"Recently promoted",IF(G9<=3,"Promoted in 1-3 years","Long Promotion gap")) -> Recently promoted | K9: =IF(C9="Yes", 1, 0) -> 1
A10: 1295 | B10: 44 | C10: Yes | D10: Bachelor | E10: Married | F10: Low | G10: 0 | I10: =IF(B10<=24, "18-24", IF(B10<=34,"25-34", IF(B10<=44,"35-44", IF(B10<=54,"45-54", IF(B10<=60, "55-60"))))) -> 35-44 | J10: =IF(G10<=0,"Recently promoted",IF(G10<=3,"Promoted in 1-3 years","Long Promotion gap")) -> Recently promoted | K10: =IF(C10="Yes", 1, 0) -> 1
A11: 647 | B11: 33 | C11: Yes | D11: Bachelor | E11: Married | F11: Low | G11: 1 | I11: =IF(B11<=24, "18-24", IF(B11<=34,"25-34", IF(B11<=44,"35-44", IF(B11<=54,"45-54", IF(B11<=60, "55-60"))))) -> 25-34 | J11: =IF(G11<=0,"Recently promoted",IF(G11<=3,"Promoted in 1-3 years","Long Promotion gap")) -> Promoted in 1-3 years | K11: =IF(C11="Yes", 1, 0) -> 1
A12: 401 | B12: 35 | C12: Yes | D12: Master | E12: Single | F12: None | G12: 7 | I12: =IF(B12<=24, "18-24", IF(B12<=34,"25-34", IF(B12<=44,"35-44", IF(B12<=54,"45-54", IF(B12<=60, "55-60"))))) -> 35-44 | J12: =IF(G12<=0,"Recently promoted",IF(G12<=3,"Promoted in 1-3 years","Long Promotion gap")) -> Long Promotion gap | K12: =IF(C12="Yes", 1, 0) -> 1
A13: 190 | B13: 32 | C13: Yes | D13: Bachelor | E13: Single | F13: None | G13: 0 | I13: =IF(B13<=24, "18-24", IF(B13<=34,"25-34", IF(B13<=44,"35-44", IF(B13<=54,"45-54", IF(B13<=60, "55-60"))))) -> 25-34 | J13: =IF(G13<=0,"Recently promoted",IF(G13<=3,"Promoted in 1-3 years","Long Promotion gap")) -> Recently promoted | K13: =IF(C13="Yes", 1, 0) -> 1
... A1471: 1871 | B1471: 39 | C1471: No | D1471: Master | E1471: Divorced | F1471: High | G1471: 2 | I1471: =IF(B1471<=24, "18-24", IF(B1471<=34,"25-34", IF(B1471<=44,"35-44", IF(B1471<=54,"45-54", IF(B1471<=60, "55-60"))))) -> 35-44 | J1471: =IF(G1471<=0,"Recently promoted",IF(G1471<=3,"Promoted in 1-3 years","Long Promotion gap")) -> Promoted in 1-3 years | K1471: =IF(C1471="Yes", 1, 0) -> 0

Sheet Cleaned Data
A1: Employee_ID | B1: Age Group | C1: Attrition Flag | D1: Education | E1: MaritalStatus | F1: StockOption | G1: Grouped years since last promotion
A2: 1522 | B2: =_xlfn.XLOOKUP(A2,'Data Cleaning'!A2:A1471, 'Data Cleaning'!I2:I1471) -> 35-44 | C2: =_xlfn.XLOOKUP(A2,'Data Cleaning'!A2:A1471,'Data Cleaning'!K2:K1471) -> 1 | D2: =_xlfn.XLOOKUP(A2,'Data Cleaning'!A2:A1471, 'Data Cleaning'!D2:D1471) -> Master | E2: =_xlfn.XLOOKUP(A2,'Data Cleaning'!A2:A1471, 'Data Cleaning'!E2:E1471) -> Single | F2: =_xlfn.XLOOKUP(A2,'Data Cleaning'!A2:A1471, 'Data Cleaning'!F2:F1471) -> None | G2: =_xlfn.XLOOKUP(A2,'Data Cleaning'!A2:A1471, 'Data Cleaning'!J2:J1471) -> Recently promoted
A3: 1101 | B3: =_xlfn.XLOOKUP(A3,'Data Cleaning'!A3:A1472, 'Data Cleaning'!I3:I1472) -> 35-44 | C3: =_xlfn.XLOOKUP(A3,'Data Cleaning'!A3:A1472,'Data Cleaning'!K3:K1472) -> 1 | D3: =_xlfn.XLOOKUP(A3,'Data Cleaning'!A3:A1472, 'Data Cleaning'!D3:D1472) -> Master | E3: =_xlfn.XLOOKUP(A3,'Data Cleaning'!A3:A1472, 'Data Cleaning'!E3:E1472) -> Single | F3: =_xlfn.XLOOKUP(A3,'Data Cleaning'!A3:A1472, 'Data Cleaning'!F3:F1472) -> None | G3: =_xlfn.XLOOKUP(A3,'Data Cleaning'!A3:A1472, 'Data Cleaning'!J3:J1472) -> Promoted in 1-3 years
A4: 1299 | B4: =_xlfn.XLOOKUP(A4,'Data Cleaning'!A4:A1473, 'Data Cleaning'!I4:I1473) -> 25-34 | C4: =_xlfn.XLOOKUP(A4,'Data Cleaning'!A4:A1473,'Data Cleaning'!K4:K1473) -> 1 | D4: =_xlfn.XLOOKUP(A4,'Data Cleaning'!A4:A1473, 'Data Cleaning'!D4:D1473) -> Bachelor | E4: =_xlfn.XLOOKUP(A4,'Data Cleaning'!A4:A1473, 'Data Cleaning'!E4:E1473) -> Divorced | F4: =_xlfn.XLOOKUP(A4,'Data Cleaning'!A4:A1473, 'Data Cleaning'!F4:F1473) -> Mid | G4: =_xlfn.XLOOKUP(A4,'Data Cleaning'!A4:A1473, 'Data Cleaning'!J4:J1473) -> Long Promotion gap
A5: 1457 | B5: =_xlfn.XLOOKUP(A5,'Data Cleaning'!A5:A1474, 'Data Cleaning'!I5:I1474) -> 45-54 | C5: =_xlfn.XLOOKUP(A5,'Data Cleaning'!A5:A1474,'Data Cleaning'!K5:K1474) -> 1 | D5: =_xlfn.XLOOKUP(A5,'Data Cleaning'!A5:A1474, 'Data Cleaning'!D5:D1474) -> Bachelor | E5: =_xlfn.XLOOKUP(A5,'Data Cleaning'!A5:A1474, 'Data Cleaning'!E5:E1474) -> Divorced | F5: =_xlfn.XLOOKUP(A5,'Data Cleaning'!A5:A1474, 'Data Cleaning'!F5:F1474) -> Low | G5: =_xlfn.XLOOKUP(A5,'Data Cleaning'!A5:A1474, 'Data Cleaning'!J5:J1474) -> Long Promotion gap
A6: 1807 | B6: =_xlfn.XLOOKUP(A6,'Data Cleaning'!A6:A1475, 'Data Cleaning'!I6:I1475) -> 25-34 | C6: =_xlfn.XLOOKUP(A6,'Data Cleaning'!A6:A1475,'Data Cleaning'!K6:K1475) -> 1 | D6: =_xlfn.XLOOKUP(A6,'Data Cleaning'!A6:A1475, 'Data Cleaning'!D6:D1475) -> Master | E6: =_xlfn.XLOOKUP(A6,'Data Cleaning'!A6:A1475, 'Data Cleaning'!E6:E1475) -> Married | F6: =_xlfn.XLOOKUP(A6,'Data Cleaning'!A6:A1475, 'Data Cleaning'!F6:F1475) -> Low | G6: =_xlfn.XLOOKUP(A6,'Data Cleaning'!A6:A1475, 'Data Cleaning'!J6:J1475) -> Recently promoted
A7: 299 | B7: =_xlfn.XLOOKUP(A7,'Data Cleaning'!A7:A1476, 'Data Cleaning'!I7:I1476) -> 25-34 | C7: =_xlfn.XLOOKUP(A7,'Data Cleaning'!A7:A1476,'Data Cleaning'!K7:K1476) -> 1 | D7: =_xlfn.XLOOKUP(A7,'Data Cleaning'!A7:A1476, 'Data Cleaning'!D7:D1476) -> Master | E7: =_xlfn.XLOOKUP(A7,'Data Cleaning'!A7:A1476, 'Data Cleaning'!E7:E1476) -> Single | F7: =_xlfn.XLOOKUP(A7,'Data Cleaning'!A7:A1476, 'Data Cleaning'!F7:F1476) -> None | G7: =_xlfn.XLOOKUP(A7,'Data Cleaning'!A7:A1476, 'Data Cleaning'!J7:J1476) -> Recently promoted
A8: 300 | B8: =_xlfn.XLOOKUP(A8,'Data Cleaning'!A8:A1477, 'Data Cleaning'!I8:I1477) -> 25-34 | C8: =_xlfn.XLOOKUP(A8,'Data Cleaning'!A8:A1477,'Data Cleaning'!K8:K1477) -> 1 | D8: =_xlfn.XLOOKUP(A8,'Data Cleaning'!A8:A1477, 'Data Cleaning'!D8:D1477) -> Bachelor | E8: =_xlfn.XLOOKUP(A8,'Data Cleaning'!A8:A1477, 'Data Cleaning'!E8:E1477) -> Single | F8: =_xlfn.XLOOKUP(A8,'Data Cleaning'!A8:A1477, 'Data Cleaning'!F8:F1477) -> None | G8: =_xlfn.XLOOKUP(A8,'Data Cleaning'!A8:A1477, 'Data Cleaning'!J8:J1477) -> Promoted in 1-3 years
A9: 1200 | B9: =_xlfn.XLOOKUP(A9,'Data Cleaning'!A9:A1478, 'Data Cleaning'!I9:I1478) -> 35-44 | C9: =_xlfn.XLOOKUP(A9,'Data Cleaning'!A9:A1478,'Data Cleaning'!K9:K1478) -> 1 | D9: =_xlfn.XLOOKUP(A9,'Data Cleaning'!A9:A1478, 'Data Cleaning'!D9:D1478) -> Master | E9: =_xlfn.XLOOKUP(A9,'Data Cleaning'!A9:A1478, 'Data Cleaning'!E9:E1478) -> Single | F9: =_xlfn.XLOOKUP(A9,'Data Cleaning'!A9:A1478, 'Data Cleaning'!F9:F1478) -> None | G9: =_xlfn.XLOOKUP(A9,'Data Cleaning'!A9:A1478, 'Data Cleaning'!J9:J1478) -> Recently promoted
A10: 1295 | B10: =_xlfn.XLOOKUP(A10,'Data Cleaning'!A10:A1479, 'Data Cleaning'!I10:I1479) -> 35-44 | C10: =_xlfn.XLOOKUP(A10,'Data Cleaning'!A10:A1479,'Data Cleaning'!K10:K1479) -> 1 | D10: =_xlfn.XLOOKUP(A10,'Data Cleaning'!A10:A1479, 'Data Cleaning'!D10:D1479) -> Bachelor | E10: =_xlfn.XLOOKUP(A10,'Data Cleaning'!A10:A1479, 'Data Cleaning'!E10:E1479) -> Married | F10: =_xlfn.XLOOKUP(A10,'Data Cleaning'!A10:A1479, 'Data Cleaning'!F10:F1479) -> Low | G10: =_xlfn.XLOOKUP(A10,'Data Cleaning'!A10:A1479, 'Data Cleaning'!J10:J1479) -> Recently promoted
A11: 647 | B11: =_xlfn.XLOOKUP(A11,'Data Cleaning'!A11:A1480, 'Data Cleaning'!I11:I1480) -> 25-34 | C11: =_xlfn.XLOOKUP(A11,'Data Cleaning'!A11:A1480,'Data Cleaning'!K11:K1480) -> 1 | D11: =_xlfn.XLOOKUP(A11,'Data Cleaning'!A11:A1480, 'Data Cleaning'!D11:D1480) -> Bachelor | E11: =_xlfn.XLOOKUP(A11,'Data Cleaning'!A11:A1480, 'Data Cleaning'!E11:E1480) -> Married | F11: =_xlfn.XLOOKUP(A11,'Data Cleaning'!A11:A1480, 'Data Cleaning'!F11:F1480) -> Low | G11: =_xlfn.XLOOKUP(A11,'Data Cleaning'!A11:A1480, 'Data Cleaning'!J11:J1480) -> Promoted in 1-3 years
A12: 401 | B12: =_xlfn.XLOOKUP(A12,'Data Cleaning'!A12:A1481, 'Data Cleaning'!I12:I1481) -> 35-44 | C12: =_xlfn.XLOOKUP(A12,'Data Cleaning'!A12:A1481,'Data Cleaning'!K12:K1481) -> 1 | D12: =_xlfn.XLOOKUP(A12,'Data Cleaning'!A12:A1481, 'Data Cleaning'!D12:D1481) -> Master | E12: =_xlfn.XLOOKUP(A12,'Data Cleaning'!A12:A1481, 'Data Cleaning'!E12:E1481) -> Single | F12: =_xlfn.XLOOKUP(A12,'Data Cleaning'!A12:A1481, 'Data Cleaning'!F12:F1481) -> None | G12: =_xlfn.XLOOKUP(A12,'Data Cleaning'!A12:A1481, 'Data Cleaning'!J12:J1481) -> Long Promotion gap
A13: 190 | B13: =_xlfn.XLOOKUP(A13,'Data Cleaning'!A13:A1482, 'Data Cleaning'!I13:I1482) -> 25-34 | C13: =_xlfn.XLOOKUP(A13,'Data Cleaning'!A13:A1482,'Data Cleaning'!K13:K1482) -> 1 | D13: =_xlfn.XLOOKUP(A13,'Data Cleaning'!A13:A1482, 'Data Cleaning'!D13:D1482) -> Bachelor | E13: =_xlfn.XLOOKUP(A13,'Data Cleaning'!A13:A1482, 'Data Cleaning'!E13:E1482) -> Single | F13: =_xlfn.XLOOKUP(A13,'Data Cleaning'!A13:A1482, 'Data Cleaning'!F13:F1482) -> None | G13: =_xlfn.XLOOKUP(A13,'Data Cleaning'!A13:A1482, 'Data Cleaning'!J13:J1482) -> Recently promoted
... A1471: 1871 | B1471: =_xlfn.XLOOKUP(A1471,'Data Cleaning'!A1471:A2940, 'Data Cleaning'!I1471:I2940) -> 35-44 | C1471: =_xlfn.XLOOKUP(A1471,'Data Cleaning'!A1471:A2940,'Data Cleaning'!K1471:K2940) -> 0 | D1471: =_xlfn.XLOOKUP(A1471,'Data Cleaning'!A1471:A2940, 'Data Cleaning'!D1471:D2940) -> Master | E1471: =_xlfn.XLOOKUP(A1471,'Data Cleaning'!A1471:A2940, 'Data Cleaning'!E1471:E2940) -> Divorced | F1471: =_xlfn.XLOOKUP(A1471,'Data Cleaning'!A1471:A2940, 'Data Cleaning'!F1471:F2940) -> High | G1471: =_xlfn.XLOOKUP(A1471,'Data Cleaning'!A1471:A2940, 'Data Cleaning'!J1471:J2940) -> Promoted in 1-3 years

Sheet Pivot Tables
A1: Sum of Attrition Flag | B1: Count of Employee_ID | C1: Average of Attrition Flag2
A2: 237 | B2: 1470 | C2: 0.16122449 | D2: 237 | E2: 25-34
A6: Row Labels | B6: Sum of Attrition Flag
A7: Doctor | B7: 5
A8: Below College | B8: 31
A9: College | B9: 44
A10: Master | B10: 58 | D10: Row Labels | E10: Sum of Attrition Flag
A11: Bachelor | B11: 99 | D11: High | E11: 15
A12: Grand Total | B12: 237 | D12: Low | E12: 56
D13: Mid | E13: 12
A14: Row Labels | B14: Sum of Attrition Flag | D14: None | E14: 154
A15: Single | B15: 120 | D15: Grand Total | E15: 237
A16: Married | B16: 84
A17: Divorced | B17: 33 | D17: Row Labels | E17: Sum of Attrition Flag
A18: Grand Total | B18: 237 | D18: Long Promotion gap | E18: 41
D19: Promoted in 1-3 years | E19: 82
D20: Recently promoted | E20: 114
D21: Grand Total | E21: 237
A22: Row Labels | B22: Sum of Attrition Flag
A23: 25-34 | B23: 110
A24: 35-44 | B24: 54
A25: 18-24 | B25: 37
A26: 45-54 | B26: 25
A27: 55-60 | B27: 11
A28: Grand Total | B28: 237

Sheet Dashboard
